{"entities":{"pages":{"README":{"id":"README","title":"Voci app Documentation","url":"readme.html","level":0,"tabIndex":0},"-y8bifa_3":{"id":"-y8bifa_3","title":"reference","level":0,"pages":["-y8bifa_4"],"tabIndex":1},"-y8bifa_4":{"id":"-y8bifa_4","title":"app","level":1,"parentId":"-y8bifa_3","pages":["MainActivity","-y8bifa_6"],"tabIndex":0},"MainActivity":{"id":"MainActivity","title":"Main Activity (MainActivity.kt)","url":"mainactivity.html","level":2,"parentId":"-y8bifa_4","tabIndex":0},"-y8bifa_6":{"id":"-y8bifa_6","title":"ui","level":2,"parentId":"-y8bifa_4","pages":["-y8bifa_7","-y8bifa_8","-y8bifa_9","-y8bifa_10","-y8bifa_11"],"tabIndex":1},"-y8bifa_7":{"id":"-y8bifa_7","title":"components","level":3,"parentId":"-y8bifa_6","pages":["BottomBar"],"tabIndex":0},"BottomBar":{"id":"BottomBar","title":"Bottom Navigation Bar (BottomBar.kt)","url":"bottombar.html","level":4,"parentId":"-y8bifa_7","tabIndex":0},"-y8bifa_8":{"id":"-y8bifa_8","title":"navigation","level":3,"parentId":"-y8bifa_6","pages":["Screens","NavGraph"],"tabIndex":1},"Screens":{"id":"Screens","title":"Screens (Screens.kt)","url":"screens.html","level":4,"parentId":"-y8bifa_8","tabIndex":0},"NavGraph":{"id":"NavGraph","title":"Navigation Graph (NavGraph.kt)","url":"navgraph.html","level":4,"parentId":"-y8bifa_8","tabIndex":1},"-y8bifa_9":{"id":"-y8bifa_9","title":"screens","level":3,"parentId":"-y8bifa_6","pages":["-y8bifa_15","-y8bifa_16"],"tabIndex":2},"-y8bifa_15":{"id":"-y8bifa_15","title":"auth","level":4,"parentId":"-y8bifa_9","pages":["SignInScreen","SignUpScreen"],"tabIndex":0},"SignInScreen":{"id":"SignInScreen","title":"Sign-In Screen (SignInScreen.kt)","url":"signinscreen.html","level":5,"parentId":"-y8bifa_15","tabIndex":0},"SignUpScreen":{"id":"SignUpScreen","title":"Sign-Up Screen (SignUpScreen.kt)","url":"signupscreen.html","level":5,"parentId":"-y8bifa_15","tabIndex":1},"-y8bifa_16":{"id":"-y8bifa_16","title":"profile","level":4,"parentId":"-y8bifa_9","pages":["UserProfileScreen","UpdateUserProfileScreen"],"tabIndex":1},"UserProfileScreen":{"id":"UserProfileScreen","title":"User Profile Screen (UserProfileScreen.kt)","url":"userprofilescreen.html","level":5,"parentId":"-y8bifa_16","tabIndex":0},"UpdateUserProfileScreen":{"id":"UpdateUserProfileScreen","title":"Update User Profile Screen (UpdateUserProfileScreen.kt)","url":"updateuserprofilescreen.html","level":5,"parentId":"-y8bifa_16","tabIndex":1},"-y8bifa_10":{"id":"-y8bifa_10","title":"theme","level":3,"parentId":"-y8bifa_6","pages":["Type","Theme","Colors"],"tabIndex":3},"Type":{"id":"Type","title":"Typography (Type.kt)","url":"type.html","level":4,"parentId":"-y8bifa_10","tabIndex":0},"Theme":{"id":"Theme","title":"Theme (Theme.kt)","url":"theme.html","level":4,"parentId":"-y8bifa_10","tabIndex":1},"Colors":{"id":"Colors","title":"Color Palette","url":"colors.html","level":4,"parentId":"-y8bifa_10","tabIndex":2},"-y8bifa_11":{"id":"-y8bifa_11","title":"vieModels","level":3,"parentId":"-y8bifa_6","pages":["AuthViewModel"],"tabIndex":4},"AuthViewModel":{"id":"AuthViewModel","title":"Authentication ViewModel (AuthViewModel.kt)","url":"authviewmodel.html","level":4,"parentId":"-y8bifa_11","tabIndex":0}}},"topLevelIds":["README","-y8bifa_3"]}